DateTime,Open,High,Low,Close,Volume,EMA12,EMA26
2015-01-04,1.20976,1.21073,1.18677,1.19469,1152,1.19469,1.19469
2015-01-11,1.19469,1.19762,1.17543,1.18697,2016,1.1935023076923077,1.1941181481481482
2015-01-18,1.18697,1.18708,1.146,1.15612,2016,1.1877511834319527,1.1913034705075445
2015-01-25,1.15614,1.16799,1.10979,1.11417,2016,1.1764310013654984,1.1855898800995783
2015-02-01,1.11417,1.14225,1.11381,1.1307,2016,1.1693954626938832,1.181523963055165
2015-02-08,1.1307,1.15338,1.12922,1.13135,2016,1.163542314587132,1.177807373199227
2015-02-15,1.13135,1.14427,1.12703,1.13975,2016,1.159881958496804,1.1749883085178028
2015-02-22,1.13975,1.145,1.1279,1.13802,2016,1.1565185802665265,1.1722499152942618
2015-03-01,1.13802,1.13932,1.11601,1.11607,2016,1.150295721763984,1.1680884400872795
2015-03-08,1.11609,1.12405,1.08228,1.08446,2016,1.1401671491849095,1.161893740821555
2015-03-15,1.08445,1.09065,1.04624,1.04837,2016,1.1260445108487696,1.1534845748347733
2015-03-22,1.04837,1.10351,1.04834,1.08251,2016,1.1193468937951128,1.1482271989210864
2015-03-29,1.08253,1.10522,1.07673,1.08828,2016,1.1145673716727877,1.1437866656676727
2015-04-05,1.08828,1.1027,1.0713,1.09946,2016,1.112243160646205,1.1405032089515488
2015-04-12,1.09946,1.10356,1.05679,1.06064,2016,1.1043042128544813,1.1345874156958784
2015-04-19,1.06064,1.08487,1.05203,1.08082,2016,1.1006912570307148,1.1306046441628503
2015-04-26,1.08082,1.09,1.06599,1.08655,2016,1.0985156790259893,1.1273413371878243
2015-05-03,1.08657,1.129,1.08192,1.11885,2016,1.1016440360989141,1.1267123492479856
2015-05-10,1.11885,1.13916,1.10663,1.11958,2016,1.1044034151606197,1.126184027081468
2015-05-17,1.11958,1.14669,1.1131,1.1444,2016,1.1105567359051398,1.1275333584087668
2015-05-24,1.14441,1.14468,1.09644,1.09911,2016,1.1087956996120414,1.1254279244525618
2015-05-31,1.09911,1.10067,1.08192,1.09571,2016,1.1067825150563426,1.123226596715335
2015-06-07,1.09571,1.13798,1.08873,1.11023,2016,1.1073128973553668,1.1222638858475324
2015-06-14,1.11023,1.13865,1.10842,1.12242,2016,1.1096370669930027,1.1222754498588263
2015-06-21,1.1224,1.14364,1.11891,1.13613,2016,1.113712902840233,1.1233017128322467
2015-06-28,1.13613,1.14102,1.09545,1.09743,2016,1.1112078408648127,1.1213852896594878
2015-07-05,1.09742,1.12783,1.0969,1.09945,2016,1.1093989422702262,1.1197604533884147
2015-07-12,1.09946,1.12157,1.09163,1.11292,2016,1.1099406434594221,1.1192537531374211
2015-07-19,1.11292,1.11968,1.08261,1.083,2016,1.1057959290810495,1.1165682899420566
2015-07-26,1.08299,1.10179,1.08086,1.09721,2016,1.1044750169147342,1.1151343425389413
2015-08-02,1.09723,1.11292,1.08933,1.09674,2016,1.1032850143124673,1.1137717986471678
2015-08-09,1.09675,1.09957,1.08481,1.09583,2016,1.102138089033626,1.1124427765251554
2015-08-16,1.09583,1.12133,1.09254,1.1094,2016,1.103255306105376,1.1122173856714401
2015-08-23,1.1094,1.1395,1.10175,1.13761,2016,1.108540643627626,1.1140983200661483
2015-08-30,1.13761,1.17139,1.11559,1.12111,2016,1.1104743907618373,1.114617703764952
2015-09-06,1.12111,1.1332,1.10873,1.1154,2016,1.1112321767984776,1.114675651634215
2015-09-13,1.11539,1.13593,1.11213,1.1342,2016,1.1147656880602503,1.11612189966131
2015-09-20,1.1342,1.14599,1.1214,1.12906,2016,1.116964812974058,1.117080277464176
2015-09-27,1.12906,1.13299,1.11051,1.11993,2016,1.1174209955934336,1.117291368022385
2015-10-04,1.11993,1.13183,1.11351,1.12192,2016,1.1181131501175208,1.1176342296503565
2015-10-11,1.1219,1.13871,1.1172,1.13675,2016,1.1209803577917483,1.119050212639219
2015-10-18,1.13675,1.1495,1.13344,1.13578,2016,1.123257225823787,1.120289456147425
2015-10-25,1.13578,1.13871,1.09966,1.10186,2016,1.1199653449278197,1.1189243112476157
2015-11-01,1.10186,1.10956,1.08969,1.10228,2016,1.117244522631232,1.117691399303348
2015-11-08,1.10227,1.10525,1.07056,1.07292,2016,1.1104253653033502,1.1143749993549517
2015-11-15,1.07291,1.083,1.06744,1.07001,2016,1.1042076167951425,1.1110887031064367
2015-11-22,1.07002,1.07629,1.06168,1.06372,2016,1.0979787526728129,1.1075799102837376
2015-11-29,1.06375,1.06892,1.0566,1.0583,2016,1.0918743291846877,1.1039295465590162
2015-12-06,1.05831,1.09812,1.0522,1.08809,2016,1.0912921246947358,1.1027562468139038
2015-12-13,1.0881,1.10426,1.0796,1.09804,2016,1.092330259357084,1.102406895198059
2015-12-20,1.09804,1.10596,1.08026,1.08695,2016,1.0915025271483019,1.1012619399982029
2015-12-27,1.08695,1.09842,1.08479,1.09637,2016,1.0922513691254863,1.1008995740724101
2016-01-03,1.09642,1.09923,1.08451,1.08516,2016,1.0911603892600268,1.099733679696676
2016-01-10,1.08515,1.09697,1.07107,1.09371,2016,1.0915526370661766,1.099287481200626
2016-01-17,1.09371,1.09846,1.08049,1.09183,2016,1.0915953082867649,1.0987350751857647
2016-01-24,1.09183,1.0976,1.0778,1.07971,2016,1.0897667993195703,1.0973258103571895
2016-01-31,1.0797,1.09676,1.07899,1.08253,2016,1.088653445578098,1.096229824404805
2016-02-07,1.08253,1.1247,1.08242,1.11434,2016,1.0926052231814676,1.097571318893338
2016-02-14,1.11434,1.13762,1.10865,1.12232,2016,1.0971767273073956,1.0994045545308686
2016-02-21,1.12232,1.12389,1.10669,1.11218,2016,1.0994849231062578,1.1003508838248783
2016-02-28,1.11221,1.11238,1.09116,1.09244,2016,1.0984010887822182,1.0997648924304428
2016-03-06,1.09243,1.10434,1.08255,1.09913,2016,1.0985132289695692,1.0997178633615212
2016-03-13,1.09913,1.12179,1.08222,1.11651,2016,1.1012819629742507,1.100961725334742
2016-03-20,1.11651,1.13425,1.10579,1.12744,2016,1.1053062763628276,1.10292307901365
2016-03-27,1.12744,1.12848,1.11442,1.11571,2016,1.1069068492300849,1.1038702583459723
2016-04-03,1.11572,1.14379,1.1153,1.13946,2016,1.1119150262716102,1.10650653550553
2016-04-10,1.13952,1.14539,1.13266,1.14047,2016,1.116308099152901,1.1090223476903056
2016-04-17,1.14047,1.14649,1.12339,1.12975,2016,1.1183760838986085,1.1105577293428757
2016-04-24,1.12978,1.13981,1.1215,1.12312,2016,1.1191059171449764,1.11148826791007
2016-05-01,1.12312,1.14659,1.12235,1.14608,2016,1.1232557760457493,1.1140506184352499
2016-05-08,1.14608,1.16162,1.13838,1.13853,2016,1.1256056566540955,1.1158639059585647
2016-05-15,1.13857,1.14466,1.1283,1.13172,2016,1.1265463248611578,1.1170384314431154
2016-05-22,1.13173,1.13487,1.11801,1.12204,2016,1.1258530441132872,1.1174089180028848
2016-05-29,1.12204,1.12428,1.11068,1.11082,2016,1.1235402680958584,1.116920850002671
2016-06-05,1.1108,1.13736,1.10978,1.13512,2016,1.12532176531188,1.1182689351876582
2016-06-12,1.13511,1.14155,1.12339,1.12381,2016,1.1250891860331294,1.118679384433017
2016-06-19,1.12379,1.13579,1.1131,1.13469,2016,1.1265662343357248,1.119865355956497
2016-06-26,1.13468,1.14278,1.09116,1.10392,2016,1.1230821982840749,1.118684218478238
2016-07-03,1.10395,1.11693,1.09709,1.11273,2016,1.1214895523942172,1.1182431652576277
2016-07-10,1.11273,1.11863,1.10018,1.10439,2016,1.1188588520258762,1.1172170048681738
2016-07-17,1.10439,1.11648,1.10159,1.10558,2016,1.116815951714203,1.1163550045075683
2016-07-24,1.10561,1.10842,1.09555,1.0969,2016,1.1137519591427871,1.1149138930625633
2016-07-31,1.0969,1.11974,1.09519,1.11671,2016,1.114207042351589,1.1150469380208918
2016-08-07,1.11672,1.12336,1.10458,1.10869,2016,1.1133582666051907,1.114576053723048
2016-08-14,1.10868,1.12213,1.10705,1.11641,2016,1.1138277640505458,1.1147119015954148
2016-08-21,1.11642,1.13663,1.11538,1.12977,2016,1.1162804157350772,1.1158273162920507
2016-08-28,1.12978,1.13553,1.11752,1.11974,2016,1.1168126594681422,1.1161171447148617
2016-09-04,1.11975,1.12521,1.11232,1.1158,2016,1.1166568657038127,1.1160936525137608
2016-09-11,1.1158,1.13269,1.11395,1.12406,2016,1.1177958094416875,1.1166837523275561
2016-09-18,1.12406,1.12843,1.11495,1.11577,2016,1.1174841464506586,1.1166160669699592
2016-09-25,1.11576,1.12573,1.1123,1.12373,2016,1.118445046996711,1.1171430249721843
2016-10-02,1.12373,1.12792,1.11533,1.12328,2016,1.1191888859202939,1.1175976157149854
2016-10-09,1.12328,1.12416,1.11043,1.11945,2016,1.1192290573171717,1.1177348293657272
2016-10-16,1.11945,1.12003,1.09653,1.09656,2016,1.1157415100376067,1.1161663234867845
2016-10-23,1.09656,1.10392,1.08592,1.088,2016,1.1114735854164364,1.11407992915443
2016-10-30,1.088,1.09917,1.08511,1.0982,2016,1.1094314953523692,1.1129036381059538
2016-11-06,1.09821,1.11412,1.09359,1.10945,2016,1.1094343422212354,1.1126478130610682
2016-11-13,1.10946,1.12995,1.08191,1.08226,2016,1.1052536741871992,1.1103968639454336
2016-11-20,1.08226,1.08258,1.05692,1.0583,2016,1.0980300320045533,1.1065378369865126
2016-11-27,1.0583,1.06579,1.0518,1.06091,2016,1.0923192578500067,1.1031579972097338
2016-12-04,1.06089,1.06898,1.05055,1.05675,2016,1.086847064334621,1.0997203677867904
2016-12-11,1.05675,1.08734,1.0531,1.0546,2016,1.0818859775139102,1.096378118321102
2016-12-18,1.0546,1.067,1.03665,1.04466,2016,1.0761589040502317,1.0925471465936132
2016-12-25,1.04466,1.04993,1.03523,1.04523,2016,1.0714006111194267,1.0890421727718642
2017-01-01,1.04521,1.06526,1.03721,1.0523,2016,1.0684620555625919,1.0863205303443186
2017-01-08,1.0523,1.06221,1.03403,1.05294,2016,1.0660740470145007,1.0838478984669617
2017-01-15,1.05294,1.06847,1.04538,1.06272,2016,1.0655580397815005,1.0822828689508903
2017-01-22,1.06274,1.07191,1.05793,1.07126,2016,1.0664352644305004,1.0814663601397134
2017-01-29,1.07124,1.07749,1.06576,1.07169,2016,1.0672436852873464,1.0807421853145496
2017-02-05,1.07169,1.08288,1.06203,1.07824,2016,1.06893542601237,1.0805568382542128
2017-02-12,1.07824,1.07887,1.06077,1.06187,2016,1.0678484373950823,1.07917262801316
2017-02-19,1.06186,1.06794,1.05214,1.06251,2016,1.0670271393343005,1.0779383592714444
2017-02-26,1.0625,1.06299,1.04938,1.0552,2016,1.065207579436716,1.0762540363624484
2017-03-05,1.0552,1.06306,1.04948,1.06207,2016,1.0647248749079905,1.0752033670022672
2017-03-12,1.06207,1.0699,1.05249,1.06894,2016,1.0653733556913767,1.074739413890988
2017-03-19,1.06894,1.07823,1.06003,1.0742,2016,1.0667313009696264,1.0746994573064703
2017-03-26,1.07421,1.08492,1.0719,1.08451,2016,1.0694664854358378,1.0754261641726577
2017-04-02,1.08453,1.09058,1.06508,1.06692,2016,1.069074718445709,1.074796077937646
2017-04-09,1.06692,1.06889,1.05734,1.05805,2016,1.0673786079156,1.0735556277200426
2017-04-16,1.05806,1.06775,1.05698,1.06097,2016,1.066392668236277,1.0726233590000396
2017-04-23,1.06096,1.09164,1.06085,1.08733,2016,1.0696137961999266,1.0737127398148514
2017-04-30,1.08733,1.09507,1.08207,1.09057,2016,1.072837827553784,1.0749614257544922
2017-05-07,1.09057,1.10216,1.08749,1.09647,2016,1.0764735463916635,1.0765546534763817
2017-05-14,1.09647,1.09968,1.0839,1.09277,2016,1.0789806931006383,1.077755790255909
2017-05-21,1.09278,1.12117,1.09225,1.12032,2016,1.085340586469771,1.0809086946813973
2017-05-28,1.12032,1.12682,1.11605,1.1176,2016,1.0903035731667292,1.0836265691494418
2017-06-04,1.11758,1.1285,1.11094,1.12772,2016,1.096059946525694,1.086892749212446
2017-06-11,1.12775,1.12842,1.11663,1.12016,2016,1.0997676470602027,1.089356990011524
2017-06-18,1.12015,1.12958,1.11321,1.12039,2016,1.1029403167432483,1.0916557314921518
2017-06-25,1.12037,1.12128,1.11188,1.11997,2016,1.105560268013518,1.0937530847149552
2017-07-02,1.11997,1.14455,1.11717,1.14232,2016,1.1112156113960536,1.0973506339953287
2017-07-09,1.14234,1.14398,1.13123,1.14034,2016,1.1156962865658915,1.1005350314771563
2017-07-16,1.14032,1.14893,1.13705,1.1474,2016,1.1205737809403697,1.1040065106269965
2017-07-23,1.14739,1.16828,1.14348,1.16814,2016,1.1278916607956975,1.108757139469441
2017-07-30,1.16811,1.17767,1.16125,1.17468,2016,1.1350898668271285,1.1136403143235567
2017-08-06,1.17469,1.191,1.17231,1.17769,2016,1.1416437334691087,1.1183847354847747
2017-08-13,1.17769,1.18472,1.16891,1.18252,2016,1.1479323898584766,1.1231354958192359
2017-08-20,1.18251,1.18382,1.16622,1.17562,2016,1.1521920221879416,1.1270232368696629
2017-08-27,1.17561,1.19595,1.17311,1.19511,2016,1.1587947880051814,1.1320667008052434
2017-09-03,1.19511,1.20701,1.18231,1.18818,2016,1.163315589850538,1.1362232414863365
2017-09-10,1.18818,1.20923,1.18682,1.20169,2016,1.1692193452581476,1.1410726310058672
2017-09-17,1.20169,1.20295,1.1838,1.19378,2016,1.172997907526125,1.1449768805609881
2017-09-24,1.19378,1.20342,1.18613,1.19267,2016,1.1760243832913364,1.1485097042231371
2017-10-01,1.19266,1.19365,1.17171,1.18079,2016,1.1767575550926692,1.1509008372436453
2017-10-08,1.18079,1.18079,1.16692,1.17424,2016,1.1763702389245663,1.1526296641144864
2017-10-15,1.17422,1.18797,1.17195,1.18145,2016,1.177151740628479,1.1547645038097096
2017-10-22,1.18147,1.18579,1.17302,1.17546,2016,1.1768914728394821,1.156297503527509
2017-10-29,1.17552,1.18367,1.15741,1.16056,2016,1.174378938556485,1.1566132440069528
2017-11-05,1.16057,1.16904,1.15976,1.16147,2016,1.1723929480093334,1.1569730037101416
2017-11-12,1.16147,1.16778,1.15539,1.16609,2016,1.171423263700205,1.1576483367686496
2017-11-19,1.16609,1.18604,1.16373,1.17344,2016,1.1717335308232504,1.1588180896006015
2017-11-26,1.17344,1.19443,1.17128,1.19274,2016,1.1749652953119811,1.1613308237042606
2017-12-03,1.19273,1.19611,1.1809,1.18565,2016,1.1766090960332147,1.1631322441706118
2017-12-10,1.18565,1.18785,1.17301,1.17675,2016,1.1766307735665662,1.1641409668246405
2017-12-17,1.17675,1.18625,1.17174,1.17432,2016,1.1762752699409407,1.1648949692820747
2017-12-24,1.17432,1.19017,1.1742,1.18505,2016,1.1776252284115651,1.1663879345204395
2017-12-31,1.18505,1.20254,1.18429,1.19985,2016,1.181044424040555,1.1688666060374442
2018-01-07,1.19985,1.20889,1.19985,1.2037,2016,1.184529897265085,1.171446857442078
2018-01-14,1.20371,1.22184,1.19156,1.21919,2016,1.1898622207627643,1.1749833865204424
2018-01-21,1.2192,1.23231,1.2165,1.2256,2016,1.1953603406454159,1.178732765296706
2018-01-28,1.22559,1.25373,1.22138,1.24312,2016,1.2027079805461212,1.1835021900895424
2018-02-04,1.24311,1.25229,1.2335,1.24462,2016,1.2091559835390258,1.188029435268095
2018-02-11,1.24462,1.24748,1.22054,1.22522,2016,1.2116273706868679,1.1907842919149025
2018-02-18,1.22523,1.25553,1.2235,1.24117,2016,1.216172390581196,1.1945165665878725
2018-02-25,1.24117,1.24349,1.22597,1.22883,2016,1.2181197151071659,1.1970583023961783
2018-03-04,1.22883,1.23641,1.21546,1.23176,2016,1.220218220475294,1.1996287985149798
2018-03-11,1.23176,1.2446,1.22688,1.23084,2016,1.221852340402172,1.201940739365722
2018-03-18,1.23083,1.24125,1.22602,1.22807,2016,1.2228089034172223,1.2038762401534462
2018-03-25,1.22807,1.23884,1.22399,1.23541,2016,1.2247475336607265,1.206212074216154
2018-04-01,1.23541,1.24765,1.22838,1.23125,2016,1.2257479130975377,1.2080667353853276
2018-04-08,1.23127,1.23449,1.22151,1.22709,2016,1.2259543880056087,1.2094758660975256
2018-04-15,1.22709,1.23964,1.22602,1.23316,2016,1.2270629436970535,1.2112302463865978
2018-04-22,1.23316,1.24136,1.22499,1.22737,2016,1.2271101831282762,1.2124257836912944
2018-04-29,1.22738,1.22894,1.20556,1.21226,2016,1.22482553957008,1.2124135034178654
2018-05-06,1.21226,1.21386,1.19107,1.19545,2016,1.2203062257900679,1.2111569476091346
2018-05-13,1.19544,1.19779,1.18227,1.19524,2016,1.2164498833608268,1.2099779144529024
2018-05-20,1.19524,1.19959,1.17498,1.17651,2016,1.2103052859206995,1.2074988096786134
2018-05-27,1.17651,1.18296,1.16455,1.16884,2016,1.203926011163669,1.2046351941468645
2018-06-03,1.16886,1.17283,1.15099,1.16672,2016,1.1982020094461814,1.2018266612470967
2018-06-10,1.1667,1.18398,1.16525,1.17845,2016,1.1951632387621536,1.2000950567102748
2018-06-17,1.17845,1.18516,1.15432,1.1593,2016,1.1896458174141298,1.1970732006576619
2018-06-24,1.1593,1.16749,1.15082,1.166,2016,1.1860079993504176,1.1947714820904278
2018-07-01,1.16603,1.17203,1.15271,1.16786,2016,1.1832159994503533,1.1927780389726184
2018-07-08,1.16778,1.17676,1.15911,1.17517,2016,1.1819781533810683,1.1914737397894615
2018-07-15,1.17514,1.17906,1.16129,1.16783,2016,1.1798015143993654,1.1897223516569089
2018-07-22,1.16783,1.17453,1.15748,1.17403,2016,1.1789135891071554,1.1885599552378785
2018-07-29,1.17404,1.17497,1.16203,1.16591,2016,1.176913036936824,1.1868821807758134
2018-08-05,1.16591,1.17458,1.15601,1.15615,2016,1.173718723561928,1.184605722940568
2018-08-12,1.15615,1.16281,1.13708,1.13946,2016,1.1684481507062467,1.1812615953153407
2018-08-19,1.13948,1.14448,1.13009,1.14378,2016,1.1646530505975934,1.1784851808475376
2018-08-26,1.14379,1.16534,1.13942,1.16451,2016,1.1646310428133484,1.1774499822662385
2018-09-02,1.1645,1.17334,1.15845,1.1598,2016,1.1638878054574486,1.176142576172443
2018-09-09,1.15979,1.16592,1.15301,1.15607,2016,1.1626850661563026,1.174655718678188
2018-09-16,1.15605,1.17215,1.1526,1.16234,2016,1.162631979055333,1.1737434432205447
2018-09-23,1.16234,1.18027,1.1618,1.17485,2016,1.1645116745852817,1.1738254103893933
2018-09-30,1.17483,1.18153,1.15698,1.16052,2016,1.1638975708029307,1.1728398244346234
2018-10-07,1.16052,1.16246,1.14633,1.15238,2016,1.162125636833249,1.1713242818839105
2018-10-14,1.15238,1.16104,1.14321,1.15504,2016,1.161035538858903,1.1701180387813988
2018-10-21,1.15505,1.16212,1.14331,1.15105,2016,1.1594993021113795,1.1687055914642581
2018-10-28,1.15106,1.15501,1.13355,1.1398,2016,1.1564686402480904,1.1665644365409797
2018-11-04,1.1398,1.14557,1.1302,1.13976,2016,1.1538980802099226,1.1645789227231294
2018-11-11,1.13975,1.14995,1.13137,1.13237,2016,1.1505860678699344,1.1621930765954902
2018-11-18,1.13239,1.14211,1.12156,1.14136,2016,1.1491666728130214,1.160649885736565
2018-11-25,1.14135,1.14723,1.13275,1.13374,2016,1.1467933385340952,1.1586565608671897
2018-12-02,1.13374,1.14016,1.12671,1.13421,2016,1.1448574402980805,1.1568457045066571
2018-12-09,1.13422,1.14235,1.13107,1.13995,2016,1.144102449482991,1.1555941708394974
2018-12-16,1.13996,1.14426,1.12699,1.13041,2016,1.1419959187933,1.1537286767032382
2018-12-23,1.13043,1.14859,1.13027,1.13723,2016,1.1412627005174076,1.1525065525029985
2018-12-30,1.13723,1.14727,1.13428,1.14389,2016,1.1416669004378064,1.1518682893546281
2019-01-06,1.14389,1.14967,1.13092,1.14102,2016,1.1415673772935284,1.1510647123653963
2019-01-13,1.14102,1.15697,1.14046,1.14597,2016,1.1422447038637549,1.1506873262642558
2019-01-20,1.14598,1.14896,1.13532,1.1365,2016,1.141360903269331,1.1496364132076442
2019-01-27,1.13651,1.14176,1.12892,1.14127,2016,1.1413469181509723,1.1490166788959668
2019-02-03,1.14127,1.15141,1.139,1.14543,2016,1.1419750845892842,1.1487509989777471
2019-02-10,1.14543,1.14603,1.13148,1.13237,2016,1.1404973792678559,1.1475375916460622
2019-02-17,1.13239,1.13414,1.1234,1.12948,2016,1.1388023978420319,1.1461999922648725
2019-02-24,1.12948,1.13711,1.12755,1.1342,2016,1.1380943366355654,1.1453111039489559
2019-03-03,1.13421,1.14197,1.13367,1.13749,2016,1.1380013617685552,1.1447317629157
2019-03-10,1.13749,1.1375,1.11764,1.12315,2016,1.135716536881085,1.1431331138108332
2019-03-17,1.12315,1.13443,1.12217,1.13192,2016,1.1351324542839951,1.1423025127878084
2019-03-24,1.13193,1.1448,1.12732,1.12955,2016,1.1342736151633805,1.1413578822109336
2019-03-31,1.12956,1.13314,1.12098,1.12231,2016,1.132433058984399,1.1399469279730867
2019-04-07,1.12231,1.12547,1.11836,1.12181,2016,1.1307987422175683,1.1386034518269321
2019-04-14,1.12181,1.13239,1.12148,1.13028,2016,1.1307189357225578,1.137986899839752
2019-04-21,1.13029,1.13237,1.12261,1.1244,2016,1.1297467917652413,1.1369804628145852
2019-04-28,1.1244,1.1262,1.11111,1.11494,2016,1.1274688238013582,1.1353478359394307
2019-05-05,1.11494,1.12647,1.1135,1.11846,2016,1.1260828509088414,1.1340968851291027
2019-05-12,1.11846,1.12536,1.11666,1.12357,2016,1.1256962584613273,1.1333171158602802
2019-05-19,1.12358,1.12635,1.11551,1.11646,2016,1.124275295621123,1.1320684406113706
2019-05-26,1.11646,1.12121,1.1107,1.12068,2016,1.1237221732178733,1.1312248524179358
2019-06-02,1.12067,1.12151,1.1116,1.11736,2016,1.1227433773382005,1.1301978263129036
2019-06-09,1.11736,1.13477,1.11601,1.1319,2016,1.124152088516939,1.1303239132526883
2019-06-16,1.1319,1.13434,1.12024,1.12155,2016,1.1237517672066406,1.1296739937524893
2019-06-23,1.12155,1.13852,1.11813,1.1385,2016,1.1260207260979267,1.1303277719930458
2019-06-30,1.1385,1.14119,1.13442,1.13601,2016,1.1275575374674764,1.1307486777713387
2019-07-07,1.13601,1.1364,1.12073,1.12267,2016,1.1268056086263263,1.1301502571956838
2019-07-14,1.12267,1.12857,1.11933,1.1271,2016,1.1268508996068913,1.1299243122182259
2019-07-21,1.12711,1.12838,1.11997,1.12175,2016,1.1260661458212158,1.1293188076094682
2019-07-28,1.12175,1.12253,1.11013,1.11295,2016,1.1240482772333364,1.1281063033421004
2019-08-04,1.11295,1.1162,1.10268,1.11075,2016,1.1220023884282078,1.1268206512426855
2019-08-11,1.11079,1.12497,1.11064,1.12073,2016,1.1218066363623298,1.1263694918913756
2019-08-18,1.12074,1.12306,1.10662,1.10919,2016,1.1198656153835098,1.125096936936459
2019-08-25,1.10918,1.11639,1.10516,1.11433,2016,1.1190139822475853,1.124299386052277
2019-09-01,1.11433,1.11529,1.09632,1.09904,2016,1.1159410619018029,1.122428320418775
2019-09-08,1.09903,1.10847,1.0926,1.10201,2016,1.1137978216092177,1.1209158522396065
2019-09-15,1.10202,1.11094,1.09268,1.10831,2016,1.1129535413616458,1.1199820854070432
2019-09-22,1.10831,1.10843,1.09901,1.10185,2016,1.1112453042290849,1.1186389679694846
2019-09-29,1.10185,1.10253,1.09046,1.09422,2016,1.1086260266553796,1.1168301555273006
2019-10-06,1.09421,1.09992,1.0879,1.09832,2016,1.1070404840930135,1.1154590328956488
2019-10-13,1.09832,1.10626,1.09409,1.10282,2016,1.1063911788479344,1.114522808236712
2019-10-20,1.10281,1.11719,1.09912,1.11558,2016,1.1078048436405599,1.1146011187376963
2019-10-27,1.11559,1.11793,1.10729,1.10839,2016,1.1078948676958584,1.1141410358682373
2019-11-03,1.10839,1.11755,1.10735,1.11661,2016,1.109235657281111,1.11432392210022
2019-11-10,1.1166,1.11753,1.10167,1.10218,2016,1.1081501715455555,1.1134243723150183
2019-11-17,1.10217,1.10569,1.0989,1.10539,2016,1.1077255297693163,1.112829233625017
2019-11-24,1.1054,1.10969,1.10143,1.10225,2016,1.1068831405740367,1.1120455866898304
2019-12-01,1.10225,1.10321,1.09811,1.10182,2016,1.1061041958703388,1.111288135823917
2019-12-08,1.10182,1.11161,1.10029,1.10582,2016,1.1060604734287482,1.1108830887258492
2019-12-15,1.10581,1.11995,1.10533,1.11242,2016,1.1070388621320177,1.110996934005416
2019-12-22,1.11241,1.11746,1.10662,1.10802,2016,1.1071898064193997,1.1107764203753852
2019-12-29,1.10801,1.11883,1.1069,1.11813,2016,1.1088729131241075,1.1113211299772083
2020-01-05,1.11812,1.12391,1.11249,1.11604,2016,1.1099755418742447,1.1116706759048225
2020-01-12,1.11603,1.12055,1.1085,1.11161,2016,1.1102269969705147,1.1116661813933542
2020-01-19,1.11161,1.11727,1.10862,1.10946,2016,1.1101089974365894,1.111502760549402
2020-01-26,1.10946,1.11179,1.10195,1.10245,2016,1.1089306901386526,1.1108321856938908
2020-02-02,1.10245,1.10954,1.09923,1.1089,2016,1.10892596857886,1.1106890608276765
2020-02-09,1.1089,1.1089,1.09419,1.09491,2016,1.106769665720574,1.109520241507108
2020-02-16,1.09491,1.09574,1.08271,1.08411,2016,1.1032835633020242,1.1076380013954703
2020-02-23,1.08411,1.08635,1.07778,1.08384,2016,1.1002922458709437,1.1058751864772873
2020-03-01,1.08385,1.10739,1.0805,1.10515,2016,1.1010395926600292,1.1058214689604513
2020-03-08,1.10516,1.13963,1.10362,1.13876,2016,1.1068427322507939,1.108261360148566
2020-03-15,1.13876,1.14954,1.1055,1.1156,2016,1.1081900042122101,1.1088049631005241
2020-03-22,1.1156,1.12366,1.06357,1.06886,2016,1.1021392343334087,1.1058460769449296
2020-03-29,1.06886,1.11473,1.06577,1.11361,2016,1.103903967512884,1.1064211823564163
2020-04-05,1.11361,1.11383,1.07727,1.08053,2016,1.100307972510902,1.1045033169966816
2020-04-12,1.08053,1.09524,1.07683,1.09315,2016,1.099206745970763,1.1036623305524829
2020-04-19,1.09314,1.09907,1.08119,1.08635,2016,1.0972287850521842,1.1023799356967434
2020-04-26,1.08635,1.08967,1.07271,1.08209,2016,1.0948997411980022,1.1008769774969847
2020-05-03,1.08208,1.10187,1.08097,1.09608,2016,1.0950813194752327,1.1005216458305411
2020-05-10,1.09608,1.09609,1.07665,1.08377,2016,1.093341116479043,1.0992807831764269
2020-05-17,1.08377,1.08965,1.07748,1.08186,2016,1.0915747908668825,1.097990354792988
2020-05-24,1.08186,1.10083,1.07999,1.09079,2016,1.091454053810439,1.0974569951786926
2020-05-31,1.0908,1.11451,1.08706,1.11156,2016,1.0945472763011406,1.0985016622024932
2020-06-07,1.11155,1.13836,1.11004,1.1316,2016,1.1002476953317344,1.1009533909282345
2020-06-14,1.1316,1.14224,1.12125,1.12515,2016,1.1040788191268522,1.102745732340958
2020-06-21,1.12516,1.13532,1.1168,1.11766,2016,1.106168231568875,1.1038504929082944
2020-06-28,1.11766,1.13486,1.11737,1.12219,2016,1.1086331190198173,1.1052089749150873
2020-07-05,1.12219,1.13026,1.11848,1.12466,2016,1.1110987930167684,1.1066497915880438
2020-07-12,1.12467,1.13706,1.12467,1.13085,2016,1.114137440244958,1.1084423996185588
2020-07-19,1.13086,1.1452,1.13008,1.14421,2016,1.1187639878995799,1.1110918514986656
2020-07-26,1.14421,1.1658,1.14023,1.16495,2016,1.1258695282227213,1.115081343980246
2020-08-02,1.16496,1.19087,1.16494,1.1781,2016,1.1339049854192256,1.1197493925743018
2020-08-09,1.17809,1.1916,1.16959,1.1781,2016,1.1407042184316523,1.12407165979102
2020-08-16,1.1781,1.18641,1.1711,1.18518,2016,1.1475466463652442,1.1285982035102038
2020-08-23,1.18518,1.19656,1.17541,1.17981,2016,1.1525102392321298,1.1323916699168555
2020-08-30,1.17981,1.19202,1.17623,1.19171,2016,1.158540971657956,1.1367856202933848
2020-09-06,1.1917,1.20113,1.17809,1.18342,2016,1.1623685144798088,1.1402400187901711
2020-09-13,1.18342,1.19175,1.17527,1.18404,2016,1.1657025891752228,1.1434844618427509
2020-09-20,1.18404,1.19005,1.17373,1.18456,2016,1.1686037293021116,1.1465270942988435
2020-09-27,1.18455,1.18717,1.16121,1.16341,2016,1.1678046940248636,1.1477776799063364
2020-10-04,1.16341,1.17696,1.1615,1.17195,2016,1.1684424334056538,1.1495682221354968
2020-10-11,1.17195,1.1831,1.17176,1.18157,2016,1.1704620590355532,1.1519387241995342
2020-10-18,1.18156,1.18266,1.16884,1.17156,2016,1.1706309730300835,1.153392152036606
2020-10-25,1.17154,1.18807,1.17031,1.18479,2016,1.172809284871609,1.155717918552413
2020-11-01,1.18479,1.18504,1.16386,1.16416,2016,1.1714786256605922,1.1563432579189008
2020-11-08,1.16415,1.1895,1.16026,1.18924,2016,1.1742111447897319,1.158780053628612
2020-11-15,1.18924,1.19199,1.17454,1.18448,2016,1.1757909686682346,1.1606837533598258
2020-11-22,1.18447,1.18937,1.18141,1.18654,2016,1.1774446657961986,1.1625990308887275
2020-11-29,1.18655,1.19738,1.17997,1.19721,2016,1.1804854864429373,1.1651628063784516
2020-12-06,1.19722,1.21773,1.19236,1.212,2016,1.1853338731440237,1.1686322281281958
2020-12-13,1.21199,1.21662,1.20587,1.21331,2016,1.189637892660328,1.1719416927112922
2020-12-20,1.21331,1.22726,1.21155,1.22118,2016,1.194490524558739,1.175588974732678
2020-12-27,1.22118,1.2257,1.21296,1.22038,2016,1.1984735207804713,1.1789068284561834
2021-01-03,1.22039,1.23101,1.21811,1.225,2016,1.2025545175834758,1.1823211374594291
2021-01-10,1.22499,1.23494,1.21821,1.2187,2016,1.2050384379552486,1.1850158680179899
2021-01-17,1.21869,1.22227,1.2066,1.20662,2016,1.2052817551929027,1.1866161740907313
2021-01-24,1.20661,1.21894,1.20535,1.21668,2016,1.2070353313170716,1.1888431241580846
2021-01-31,1.2167,1.21832,1.20585,1.21227,2016,1.207840664960599,1.1905784482945228
2021-02-07,1.21225,1.21363,1.19522,1.20483,2016,1.2073774857358914,1.1916341187912247
2021-02-14,1.20484,1.21494,1.20196,1.21204,2016,1.2080947956226773,1.1931456655474302
2021-02-21,1.21206,1.21693,1.20232,1.21247,2016,1.2087679039884192,1.194577097729102
2021-02-28,1.21246,1.22433,1.20621,1.20903,2016,1.2088082264517392,1.1956476830825018
2021-03-07,1.20905,1.21132,1.18932,1.19263,2016,1.206319268536087,1.1954241510023167
2021-03-14,1.19262,1.19899,1.18355,1.195,2016,1.2045778426074583,1.1953927324095523
2021-03-21,1.19501,1.19888,1.18708,1.18835,2016,1.20208125143708,1.1948710485273633
2021-03-28,1.18837,1.19468,1.17617,1.17874,2016,1.1984902896775294,1.193676156043855
2021-04-04,1.17874,1.17939,1.1704,1.17676,2016,1.1951471681886787,1.1924231074480138
2021-04-11,1.17674,1.19274,1.17379,1.18958,2016,1.194290680775036,1.192212506896309
2021-04-18,1.18957,1.19946,1.1871,1.19689,2016,1.194690576040415,1.1925589878669527
2021-04-25,1.19688,1.20999,1.19424,1.20892,2016,1.1968797181880435,1.1937709146916229
2021-05-02,1.20893,1.21498,1.20165,1.20271,2016,1.1977766846206521,1.19443306915891
2021-05-09,1.20272,1.21769,1.19859,1.21704,2016,1.2007402716020903,1.1961076566286204
2021-05-16,1.21704,1.21815,1.20514,1.21498,2016,1.2029309990479224,1.1975056079894635
2021-05-23,1.21497,1.22451,1.21259,1.21805,2016,1.2052569991943958,1.1990274148050588
2021-05-30,1.21805,1.22664,1.21325,1.21892,2016,1.207358999318335,1.2005009396343138
2021-06-06,1.21893,1.22542,1.21039,1.21666,2016,1.2087899225001295,1.2016979070688092
2021-06-13,1.21665,1.22179,1.20925,1.21095,2016,1.2091222421154941,1.2023832472859344
2021-06-20,1.21096,1.21473,1.18472,1.18705,2016,1.2057265125592642,1.20124745119068
2021-06-27,1.18703,1.19751,1.18476,1.19414,2016,1.2039439721655312,1.2007209733247037
2021-07-04,1.19415,1.19444,1.1807,1.18556,2016,1.2011156687554494,1.1995979382636146
2021-07-11,1.18556,1.18951,1.17815,1.18722,2016,1.1989778735623031,1.1986810539477912
2021-07-18,1.18722,1.18802,1.17717,1.18125,2016,1.196250508398872,1.1973898647664734
2021-07-25,1.18125,1.18304,1.17518,1.17728,2016,1.1933319686451993,1.195900245154142
2021-08-01,1.17729,1.19085,1.17632,1.18661,2016,1.192297819622861,1.195212078846428
2021-08-08,1.18662,1.18996,1.17422,1.17474,2016,1.1895966166039593,1.1936956285615075
2021-08-15,1.17477,1.18045,1.17059,1.1794,2016,1.1880279063571964,1.1926366931125068
2021-08-22,1.17939,1.18006,1.16638,1.16968,2016,1.1852051515330122,1.1909361973263952
2021-08-29,1.16969,1.18022,1.1695,1.17983,2016,1.184378205143318,1.1901135160429583
2021-09-05,1.17982,1.1909,1.17827,1.18854,2016,1.1850184812751152,1.1899969592990354
2021-09-12,1.18854,1.18857,1.18019,1.18115,2016,1.1844233303097127,1.1893416289805885
2021-09-19,1.18114,1.18458,1.17232,1.17292,2016,1.1826535871851414,1.1881252120190635
2021-09-26,1.17293,1.17555,1.16834,1.17224,2016,1.1810514968489656,1.186948529647281
2021-10-03,1.17224,1.1725,1.15624,1.16065,2016,1.177912805026048,1.1850004904141491
2021-10-10,1.16065,1.164,1.15291,1.15653,2016,1.174623142714348,1.182891565198286
2021-10-17,1.15655,1.16242,1.15242,1.15963,2016,1.1723165053736793,1.1811684862947094
2021-10-24,1.15965,1.16693,1.15717,1.16391,2016,1.1710231968546516,1.1798900799025087
2021-10-31,1.16393,1.16921,1.1535,1.15562,2016,1.1686534742616284,1.1780922962060265
2021-11-07,1.15562,1.16164,1.15132,1.15682,2016,1.1668329397598394,1.1765165705611358
2021-11-14,1.15681,1.16087,1.14328,1.14412,2016,1.1633386413352487,1.1741168245936444
2021-11-21,1.1441,1.14638,1.12499,1.12752,2016,1.1578280811298258,1.1706652079570783
2021-11-28,1.12752,1.13301,1.11859,1.12925,2016,1.153431453263699,1.1675974147750725
2021-12-05,1.12925,1.13828,1.12349,1.1304,2016,1.1498881527615914,1.1648420507176598
2021-12-12,1.1304,1.13547,1.12275,1.13106,2016,1.1469915138751927,1.1623396765904257
2021-12-19,1.13106,1.13603,1.12215,1.12428,2016,1.1434974348174707,1.1595204412874311
2021-12-26,1.12426,1.13433,1.12363,1.13231,2016,1.1417762909993983,1.1575048530439176
2022-01-02,1.13233,1.13863,1.12737,1.13727,2016,1.1410830154610294,1.1560059750406646
2022-01-09,1.13726,1.13755,1.12721,1.13534,2016,1.140199474620871,1.1544751620746896
2022-01-16,1.13533,1.14827,1.12847,1.14112,2016,1.1403410939099679,1.1534858908098977
2022-01-23,1.14111,1.14344,1.13009,1.13409,2016,1.1393793871545883,1.1520491581573127
2022-01-30,1.1341,1.1341,1.11213,1.11519,2016,1.1356579429769593,1.14931885014566
2022-02-06,1.11519,1.14837,1.1144,1.14544,2016,1.137162874826658,1.1490315279126482
2022-02-13,1.14545,1.14948,1.13296,1.13643,2016,1.137050124853326,1.1480980814006
2022-02-20,1.13642,1.13957,1.12799,1.13164,2016,1.1362177979528143,1.146878964259815
2022-02-27,1.1317,1.13905,1.11062,1.118,2016,1.1334150598062274,1.144739781722051
2022-03-06,1.11801,1.12464,1.08634,1.08736,2016,1.1263296659898847,1.1404894275204178
2022-03-13,1.08734,1.11212,1.08059,1.09316,2016,1.1212266404529794,1.1369835440003868
2022-03-20,1.09317,1.11375,1.09005,1.10424,2016,1.118613311152521,1.1345580962966546
2022-03-27,1.10423,1.10701,1.09608,1.09812,2016,1.115460494052133,1.131858978052458
2022-04-03,1.09814,1.11848,1.09446,1.10454,2016,1.1137804180441127,1.1298353500485723
2022-04-10,1.10458,1.10544,1.08364,1.08841,2016,1.1098772768065568,1.1267668056005298
2022-04-17,1.08842,1.09332,1.07575,1.08139,2016,1.1054946188363173,1.1234055607412314
2022-04-24,1.08138,1.09362,1.0761,1.08093,2016,1.101715446707653,1.1202592229085477
2022-05-01,1.08093,1.08119,1.0471,1.05349,2016,1.094296147214168,1.1153133545449516
2022-05-08,1.05347,1.06417,1.04826,1.0532,2016,1.0879736630273729,1.1107123653193995
2022-05-15,1.05319,1.05924,1.03496,1.0398,2016,1.080562330253931,1.1054595975179626
2022-05-22,1.03984,1.0607,1.03889,1.05689,2016,1.0769204332917877,1.1018618495536692
2022-05-29,1.05688,1.0765,1.05679,1.0729,2016,1.0763019050930511,1.0997165273645084
2022-06-05,1.07291,1.07867,1.06271,1.07252,2016,1.0757200735402739,1.0977019697819523
2022-06-12,1.07254,1.07738,1.04861,1.04907,2016,1.0716200622263856,1.0940996016499558
2022-06-19,1.04907,1.06014,1.0359,1.04898,2016,1.0681369757300185,1.0907574089351442
2022-06-26,1.04897,1.06057,1.04687,1.05665,2016,1.066369748694631,1.0882309341992076
2022-07-03,1.05665,1.0615,1.03658,1.04322,2016,1.062808248895457,1.084896790925192
2022-07-10,1.04322,1.04627,1.0072,1.01672,2016,1.0557177490653868,1.0798466582640667
2022-07-17,1.01674,1.01675,0.99521,1.00972,2016,1.0486411722860967,1.0746520909852468
2022-07-24,1.00972,1.02781,1.00812,1.01991,2016,1.0442209919343894,1.070597121282636
2022-07-31,1.01992,1.02578,1.00966,1.02102,2016,1.040651608559868,1.0669247419283667
2022-08-07,1.02102,1.02939,1.01226,1.01719,2016,1.0370421303198885,1.0632406869707098
2022-08-14,1.01718,1.03685,1.0159,1.02534,2016,1.0352418025783672,1.0604332286765832
2022-08-21,1.02533,1.02682,1.00302,1.0036,2016,1.030373832950926,1.0562233598857251
2022-08-28,1.00361,1.00898,0.99002,0.99359,2016,1.0247147817277065,1.0515838517460416
2022-09-04,0.99362,1.0079,0.9903,0.99077,2016,1.0194925076157515,1.0470791219870756
2022-09-11,0.99075,1.01131,0.98638,1.00702,2016,1.0175736602902512,1.0441117796176627
2022-09-18,1.00703,1.01977,0.99448,1.0022,2016,1.0152084817840588,1.0410072033496878
2022-09-25,1.00219,1.00504,0.96666,0.96855,2016,1.0080302538172805,1.0356400031015627
2022-10-02,0.96854,0.98537,0.95357,0.97932,2016,1.003613291691545,1.0314681510199655
2022-10-09,0.97931,0.99995,0.97259,0.97342,2016,0.9989681698928456,1.0271682879814497
2022-10-16,0.97343,0.98086,0.96315,0.97395,2016,0.9951192206785617,1.0232261925754162
2022-10-23,0.97395,0.9899,0.97048,0.98595,2016,0.9937085713433984,1.0204649931253855
2022-10-30,0.98594,1.00934,0.98067,0.99543,2016,0.9939734065213371,1.0186105491901718
2022-11-06,0.99543,0.99757,0.97299,0.99281,2016,0.9937944209026699,1.0166993973983072
2022-11-13,0.99282,1.0364,0.99175,1.03266,2016,0.9997737407637977,1.0178816642576918
2022-11-20,1.03266,1.04808,1.02713,1.03304,2016,1.0048916268001364,1.0190045039423072
2022-11-27,1.03304,1.04484,1.02227,1.03666,2016,1.0097790688308845,1.0203123184650993
2022-12-04,1.03667,1.05448,1.029,1.05433,2016,1.0166330582415177,1.022832146726944
2022-12-11,1.05437,1.05948,1.04431,1.05209,2016,1.0220879723582073,1.0249993951175407
2022-12-18,1.05209,1.07361,1.05057,1.05842,2016,1.0276775150723292,1.0274749954792044
2022-12-25,1.05842,1.06593,1.0573,1.06191,2016,1.0329440512150478,1.0300257365548189
2023-01-01,1.06196,1.07131,1.05979,1.07005,2016,1.038652658720425,1.0329904968100174
2023-01-08,1.07007,1.07087,1.04823,1.06627,2016,1.0429014804557444,1.0354556451944605
2023-01-15,1.06628,1.08679,1.06513,1.08225,2016,1.0489550988471683,1.0389218936985747
2023-01-22,1.08224,1.08873,1.07661,1.08643,2016,1.0547204682552962,1.0424410126838655
2023-01-29,1.08639,1.09293,1.08349,1.08717,2016,1.0597127039083274,1.0457542710035792
2023-02-05,1.08718,1.10327,1.07817,1.07891,2016,1.062666134076277,1.0482102509292401
2023-02-12,1.0789,1.07987,1.06661,1.06771,2016,1.0634421134491574,1.0496546767863335
2023-02-19,1.06771,1.08044,1.06126,1.06838,2016,1.0642017883031332,1.0510417377651236
2023-02-26,1.0684,1.07044,1.05359,1.05533,2016,1.0628368977949587,1.051359386819559
2023-03-05,1.05533,1.06913,1.05328,1.06254,2016,1.062791221211119,1.0521875803884806
2023-03-12,1.06255,1.0703,1.05241,1.0681,2016,1.0636079564094085,1.053366278137482
2023-03-19,1.06811,1.07597,1.05158,1.06804,2016,1.0642898092694995,1.0544532204976684
2023-03-26,1.06806,1.09296,1.06311,1.07776,2016,1.066362146304961,1.0561796486089523
2023-04-02,1.07775,1.09262,1.07449,1.08023,2016,1.068495662258044,1.0579611561194002
2023-04-09,1.08024,1.09733,1.07882,1.09129,2016,1.0720024834491142,1.060429959369815
2023-04-16,1.09132,1.10758,1.08313,1.09843,2016,1.0760682552261736,1.063244777194273
2023-04-23,1.09844,1.09997,1.09091,1.09916,2016,1.0796208313452238,1.0659051640687713
2023-04-30,1.09916,1.10952,1.09624,1.10105,2016,1.0829176265228817,1.0685084852488624
2023-05-07,1.10106,1.10917,1.09422,1.10181,2016,1.0858241455193616,1.070975264119317
2023-05-14,1.10182,1.10535,1.08453,1.08527,2016,1.0857388923625368,1.0720341334438122
2023-05-21,1.08526,1.09046,1.076,1.08218,2016,1.0851913704606082,1.0727856791146408
2023-05-28,1.08219,1.08313,1.07018,1.07214,2016,1.0831834673128224,1.0727378510320749
2023-06-04,1.07214,1.07789,1.06352,1.06967,2016,1.081104472341619,1.0725106028074767
2023-06-11,1.0697,1.07869,1.06669,1.07499,2016,1.0801637842890621,1.0726942618587747
2023-06-18,1.07499,1.09704,1.0733,1.09397,2016,1.0822878174753603,1.0742702424618285
2023-06-25,1.09398,1.10122,1.08443,1.09062,2016,1.0835696917099202,1.0754813356128041
2023-07-02,1.09064,1.09766,1.08352,1.09075,2016,1.0846743545237787,1.0766123477896334
2023-07-09,1.09075,1.09731,1.08337,1.09669,2016,1.0865229153662743,1.0780995812866976
2023-07-16,1.0967,1.12448,1.09434,1.12273,2016,1.092093236079155,1.0814055382284238
2023-07-23,1.12271,1.12756,1.11079,1.11243,2016,1.0952219689900542,1.0837036465077998
2023-07-30,1.11244,1.11496,1.09435,1.10238,2016,1.0963232045300457,1.0850870800998147
2023-08-06,1.10239,1.10458,1.09122,1.10024,2016,1.0969257884485004,1.0862095186109395
2023-08-13,1.10024,1.1065,1.0929,1.09432,2016,1.0965248979179618,1.086810295010129
2023-08-20,1.09431,1.096,1.0845,1.08749,2016,1.0951349136228907,1.0868606435278971
2023-08-27,1.08747,1.09303,1.07658,1.07968,2016,1.0927572346039844,1.0863287440073122
2023-09-03,1.07969,1.09454,1.07716,1.07756,2016,1.0904191985110638,1.085679207414178
2023-09-10,1.07758,1.08087,1.06861,1.07162,2016,1.0875270141247464,1.0846377846427573
2023-09-17,1.07165,1.07692,1.06318,1.06679,2016,1.0843367042594008,1.0833157265210716
2023-09-24,1.0668,1.07368,1.0615,1.06482,2016,1.0813341343733391,1.0819456727046959
2023-10-01,1.06482,1.06555,1.0488,1.0564,2016,1.0774981137005177,1.0800534006524962
2023-10-08,1.05641,1.05999,1.04483,1.05661,2016,1.0742845577465918,1.0783168524560152
2023-10-15,1.05662,1.06397,1.04954,1.0522,2016,1.0708869334778854,1.0763822707926065
2023-10-22,1.05221,1.06163,1.05156,1.05896,2016,1.0690520206351337,1.0750917322153764
2023-10-29,1.05893,1.06942,1.05221,1.05618,2016,1.06707170976819,1.0736908631623856
2023-11-05,1.05618,1.07467,1.05167,1.07313,2016,1.0680037544192378,1.0736493177429496
2023-11-12,1.07316,1.07562,1.0656,1.06905,2016,1.0681647152778166,1.073308627539768
2023-11-19,1.06902,1.09148,1.0665,1.09055,2016,1.0716086052350757,1.074585766240526
2023-11-26,1.09054,1.09651,1.08522,1.09396,2016,1.0750472813527563,1.0760208946671537
2023-12-03,1.09397,1.10171,1.08287,1.08857,2016,1.0771276996061783,1.0769504580251423
2023-12-10,1.08858,1.08865,1.07236,1.07651,2016,1.0770326688975356,1.0769178315047614
2023-12-17,1.07653,1.10092,1.07415,1.08948,2016,1.0789476429132994,1.0778483625044086
2023-12-24,1.08948,1.10401,1.08939,1.10149,2016,1.0824156978497148,1.0795995949114894
2023-12-31,1.10149,1.11394,1.09933,1.10374,2016,1.0856963597189895,1.0813877730661938
2024-01-07,1.10374,1.10447,1.08767,1.09415,2016,1.0869969197622218,1.0823331232094389
2024-01-14,1.09413,1.1,1.09103,1.09451,2016,1.0881527782603415,1.0832351140828138
2024-01-21,1.09451,1.09675,1.08445,1.0892,2016,1.088313889297212,1.083676957484087
2024-01-28,1.0892,1.09323,1.08128,1.08422,2016,1.0876840601745639,1.083717182855636
2024-02-04,1.08423,1.08974,1.07698,1.07796,2016,1.0861880509169386,1.0832907248663297
2024-02-11,1.07796,1.07983,1.07225,1.07979,2016,1.0852037353912558,1.0830314119132682
2024-02-18,1.0798,1.08055,1.06949,1.0784,2016,1.084157006869524,1.0826883443641373
2024-02-25,1.07838,1.08882,1.07615,1.0819,2016,1.0838097750434434,1.0826299484853124
2024-03-03,1.08188,1.08659,1.07958,1.08416,2016,1.0838636558059906,1.0827432856345485
2024-03-10,1.08417,1.09812,1.08377,1.09426,2016,1.0854630933742997,1.083596375587545
2024-03-17,1.09427,1.09638,1.0873,1.08835,2016,1.0859072328551767,1.0839484959143935
2024-03-24,1.08836,1.09426,1.08017,1.08071,2016,1.0851076585697648,1.0837086073281421
2024-03-31,1.08071,1.08643,1.07678,1.0793,2016,1.0842141726359547,1.0833820438223538
2024-04-07,1.07932,1.08765,1.07246,1.08297,2016,1.0840227614611924,1.083351522057735
2024-04-14,1.08297,1.0885,1.06226,1.0646,2016,1.0810346443133165,1.0819625204238286
2024-04-21,1.06461,1.069,1.0601,1.06575,2016,1.0786831605728062,1.0807615929850265
2024-04-28,1.06577,1.07527,1.06239,1.07069,2016,1.0774534435616052,1.0800155490602097
2024-05-05,1.0707,1.08124,1.06494,1.07583,2016,1.077203683013666,1.0797055083890832
2024-05-12,1.07582,1.07907,1.07239,1.07702,2016,1.0771754240884865,1.0795065818417438
2024-05-19,1.07701,1.08949,1.07658,1.08724,2016,1.0787238203825655,1.0800794276312442
2024-05-26,1.08725,1.08844,1.08048,1.08466,2016,1.0796370787852478,1.080418729288189
2024-06-02,1.08467,1.0889,1.07883,1.08526,2016,1.0805021435875175,1.0807773419335083
2024-06-09,1.08526,1.0916,1.07644,1.07788,2016,1.0800987368817456,1.0805627240125075
2024-06-16,1.07788,1.08521,1.06676,1.07025,2016,1.0785835465922462,1.0797988185300995
2024-06-23,1.07026,1.07615,1.0671,1.06877,2016,1.077073770193439,1.0789818690093513
2024-06-30,1.06878,1.07463,1.0666,1.07349,2016,1.07652242093291,1.0785750638975475
2024-07-07,1.0735,1.08426,1.071,1.08256,2016,1.0774512792509239,1.078870244349581
2024-07-14,1.08255,1.09113,1.08054,1.08856,2016,1.0791603132123202,1.0795880040273897
2024-07-21,1.08857,1.0948,1.08715,1.08988,2016,1.08080949579504,1.080350374099435
2024-07-28,1.08988,1.08998,1.08256,1.08527,2016,1.0814957272111876,1.08071479083281
2024-08-04,1.08524,1.09265,1.07774,1.09103,2016,1.0829625384094663,1.0814788804007502
2024-08-11,1.09104,1.10088,1.08814,1.09127,2016,1.0842406094233945,1.082204148519213
2024-08-18,1.09125,1.10473,1.09116,1.10246,2016,1.087043592589026,1.0837045819622344
2024-08-25,1.10246,1.12008,1.10231,1.11892,2016,1.0919476552676373,1.0863131314465135
2024-09-01,1.11892,1.12015,1.10438,1.10446,2016,1.0938726313803084,1.087657343931957
2024-09-08,1.10445,1.11556,1.10263,1.10867,2016,1.0961491496294917,1.0892138369740343
2024-09-15,1.10864,1.11017,1.10019,1.10873,2016,1.0980846650711082,1.0906594786796615
2024-09-22,1.10872,1.11891,1.10683,1.11591,2016,1.1008270242909377,1.0925298876663532
2024-09-29,1.11589,1.1214,1.10831,1.11689,2016,1.103298251323101,1.0943343404318084
2024-10-06,1.11688,1.12089,1.09512,1.09705,2016,1.1023369818887778,1.0945355003998225
2024-10-13,1.09705,1.09971,1.09,1.0923,2016,1.1007928308289658,1.0943699077776134
2024-10-20,1.09231,1.09366,1.0811,1.08681,2016,1.098641626086048,1.0938099146089013
2024-10-27,1.08682,1.08688,1.07612,1.0796,2016,1.095712145149733,1.0927573283415755
2024-11-03,1.0796,1.09057,1.07688,1.08727,2016,1.0944133535882354,1.092350859575533
2024-11-10,1.08728,1.09369,1.06824,1.07132,2016,1.0908605299592762,1.0907930181254935
2024-11-17,1.07131,1.07277,1.0496,1.05362,2016,1.0851312176578491,1.0880394612273088
2024-11-24,1.05362,1.06097,1.03325,1.04793,2016,1.0794079534027954,1.085068390025286
2024-12-01,1.04792,1.05971,1.0425,1.05439,2016,1.0755590374946729,1.0827959166900798
2024-12-08,1.05439,1.06298,1.04607,1.05656,2016,1.0726361086493386,1.0808525154537776
2024-12-15,1.05657,1.05944,1.04531,1.05096,2016,1.0693013227032866,1.078638255049794
2024-12-22,1.05095,1.05343,1.03429,1.04336,2016,1.065310349979704,1.0760250509720315
2024-12-29,1.04335,1.04452,1.03835,1.04292,2016,1.0618656807520575,1.0735728249741032
2025-01-05,1.04297,1.04583,1.02237,1.03051,2016,1.0570417298671255,1.0703829860871326
2025-01-12,1.03051,1.04367,1.02127,1.02429,2016,1.05200300219526,1.066968690821419
2025-01-19,1.0243,1.03544,1.01772,1.02804,2016,1.0483163864729124,1.0640850840939067
2025-01-26,1.02805,1.05213,1.02782,1.04673,2016,1.0480723270155412,1.0627995223091729
2025-02-02,1.04673,1.0533,1.02324,1.02467,2016,1.0444719690131503,1.059975113249234
2025-02-09,1.02467,1.04424,1.02103,1.03095,2016,1.0423916660880503,1.057825104860402
2025-02-16,1.03096,1.0514,1.02919,1.04883,2016,1.043382178997581,1.0571588007966684
2025-02-23,1.04886,1.05062,1.04009,1.04736,2016,1.0439941514594917,1.056432963700619
2025-03-02,1.04738,1.05287,1.03597,1.04119,2016,1.0435627435426469,1.0553038552783507
2025-03-09,1.04119,1.08884,1.03883,1.086,2016,1.0500915522283936,1.0575776437762507
2025-03-16,1.08602,1.09471,1.08051,1.08792,2016,1.0559113134240254,1.0598252257187506
2025-03-23,1.08794,1.09545,1.0797,1.08358,2016,1.0601680344357138,1.0615848386284727
2025-03-30,1.08358,1.08579,1.07328,1.08234,2016,1.0635791060609887,1.0631222579893267
2025-04-06,1.08235,1.11462,1.07782,1.09832,2016,1.0689238589746828,1.0657294981382655
2025-04-13,1.09833,1.14736,1.08886,1.1342,2016,1.078966342209347,1.0708013871650606
2025-04-20,1.13419,1.14582,1.12639,1.14488,2016,1.0891069049463704,1.0762886918195005
2025-04-27,1.14491,1.15729,1.13077,1.13448,2016,1.0960873811084673,1.0805991590921302
2025-05-04,1.13449,1.14248,1.12657,1.1321,2016,1.101627784014857,1.084414036196417
2025-05-11,1.13212,1.13808,1.119,1.12276,2016,1.1048788941664174,1.0872544779596454
2025-05-18,1.12281,1.12655,1.10651,1.11884,2016,1.107026756602353,1.089594146258931
2025-05-25,1.11885,1.13816,1.11721,1.13744,2016,1.111705717125068,1.093138283573084
2025-06-01,1.13747,1.14185,1.12103,1.13526,2016,1.1153294529519806,1.0962584107158186
2025-06-08,1.13527,1.14948,1.13524,1.14061,2016,1.119218767882445,1.099543713625758
2025-06-15,1.14063,1.16311,1.13729,1.15376,2016,1.1245328035928381,1.1035597348386648
2025-06-22,1.15376,1.16147,1.14461,1.14995,2016,1.1284431415016323,1.1069960507765415
2025-06-29,1.14995,1.17539,1.14533,1.17263,2016,1.1352411197321504,1.111857824793094
2025-07-06,1.17264,1.18298,1.17075,1.178,2016,1.1418194090041272,1.1167572451787906
2025-07-13,1.17805,1.17901,1.16611,1.16822,2016,1.1458810383881075,1.1205693010914728
2025-07-20,1.16822,1.17212,1.15566,1.16294,2016,1.1485054940207062,1.1237078713809932
2025-07-27,1.16296,1.17887,1.16145,1.17554,2016,1.1526646487867513,1.1275472883157345
2025-08-03,1.17554,1.177,1.13915,1.15876,2016,1.1536023951272512,1.1298593410330875
2025-08-10,1.15876,1.16986,1.15277,1.16768,1152,1.1557681804922895,1.1326608713269328
